<?xml version="1.0" encoding="UTF-8"?>
<Configuration status="WARN">
    <Appenders>
        <Console name="Console" target="SYSTEM_OUT">
            <PatternLayout pattern="%d{HH:mm:ss.SSS} [%t] %-5level %logger{36} - %msg%n" charset="utf-8"/>
        </Console>
    </Appenders>
    <Loggers>
        <Root level="INFO">
            <AppenderRef ref="Console"/>
        </Root>
        <Logger name="org.liangfacan53.courses.sf.ssm.ssm.dao" level="TRACE" additivity="true">
            <AppenderRef ref="Console"/>
        </Logger>
    </Loggers>
</Configuration>
