<?xml version="1.0" encoding="UTF-8"?>
<beans xmlns:aop="http://www.springframework.org/schema/aop"
       xmlns:context="http://www.springframework.org/schema/context"
       xmlns:tx="http://www.springframework.org/schema/tx"
       xmlns:xsi="http://www.w3.org/2001/XMLSchema-instance"
       xmlns="http://www.springframework.org/schema/beans"
       xsi:schemaLocation="
       http://www.springframework.org/schema/beans
       http://www.springframework.org/schema/beans/spring-beans.xsd
       http://www.springframework.org/schema/aop
       http://www.springframework.org/schema/aop/spring-aop.xsd
       http://www.springframework.org/schema/context
       http://www.springframework.org/schema/context/spring-context.xsd
       http://www.springframework.org/schema/tx
       http://www.springframework.org/schema/tx/spring-tx.xsd">

    <!--region `dataSource`-->
    <context:property-placeholder location="classpath:database.properties"/>
    <bean id="dataSource" class="com.alibaba.druid.pool.DruidDataSource" destroy-method="close">
        <property name="driverClassName" value="${jdbc.driver}"/>
        <property name="url" value="${jdbc.url}"/>
        <property name="username" value="${jdbc.username}"/>
        <property name="password" value="${jdbc.password}"/>
    </bean>
    <!--endregion `dataSource`-->

    <!--region config mybatis in `spring-mybatis-config.xml`-->
    <bean id="mybatisConfig" class="org.apache.ibatis.session.Configuration">
        <property name="logImpl" value="org.apache.ibatis.logging.log4j2.Log4j2Impl"/>
        <property name="useGeneratedKeys" value="true"/>
        <property name="mapUnderscoreToCamelCase" value="true"/>
    </bean>
    <bean id="sqlSessionFactory" class="org.mybatis.spring.SqlSessionFactoryBean">
        <property name="dataSource" ref="dataSource"/>
        <property name="typeAliasesPackage" value="org.liangfacan53.courses.sf.ssm.ssm.pojo"/>
        <property name="configuration" ref="mybatisConfig"/>
    </bean>
    <!--endregion config mybatis in `spring-mybatis-config.xml`-->

    <!--region `MapperScannerConfigurer`-->
    <bean class="org.mybatis.spring.mapper.MapperScannerConfigurer">
        <property name="sqlSessionFactoryBeanName" value="sqlSessionFactory"/>
        <property name="basePackage" value="org.liangfacan53.courses.sf.ssm.ssm.dao"/>
    </bean>
    <!--endregion `MapperScannerConfigurer`-->

</beans>
